LP,NumberOfParticipations,NumberOfWins,ExpectedWins,ActualWinRatio,ExpectedWinRatio,AverageRFQPanelSize,WinPerformanceScore
LP_1,2394,676,402.24047619047934,28.23725981620718,16.802024903528796,6.295321637426901,11.435234912678386
LP_2,2340,612,390.4404761904786,26.153846153846157,16.68549043549054,6.32991452991453,9.468355718355618
LP_3,2305,509,383.5333333333361,22.0824295010846,16.639190166305255,6.347505422993493,5.443239334779346
LP_4,2297,401,382.9071428571449,17.457553330430997,16.669879967659767,6.339573356552024,0.7876733627712298
LP_5,2284,337,378.76428571428795,14.754816112084063,16.583375031273555,6.361646234676007,-1.8285589191894918
LP_6,2231,236,369.81428571428756,10.578216046615866,16.576166997502803,6.375616315553564,-5.997950950886937
LP_7,2237,185,368.442857142859,8.270004470272687,16.470400408710727,6.398748323647743,-8.20039593843804
LP_8,2229,88,367.85714285714505,3.947958725886048,16.503236557072455,6.3943472409152085,-12.555277831186407
