LP,NumberOfParticipations,NumberOfWins,VolumeParticipated,VolumeWon,ActualWinRatio,ActualVolumeWinRatio
LP_1,2394,676,221561315467.20865,64242041678.820404,28.23725981620718,28.995152670651258
LP_2,2340,612,216364015984.0129,54785472363.28284,26.153846153846157,25.320972211631958
LP_3,2305,509,209850097161.57028,47153406309.494446,22.0824295010846,22.47004263866961
LP_4,2297,401,212472192937.34515,37613916565.57266,17.457553330430997,17.702983174209738
LP_5,2284,337,207908563435.78568,28148652350.42843,14.754816112084063,13.53895764814054
LP_6,2231,236,205001426842.4248,22672640614.86068,10.578216046615866,11.059747712043047
LP_7,2237,185,207229031449.8581,17235410130.082172,8.270004470272687,8.317082799401355
LP_8,2229,88,204224750681.54385,7957043706.753432,3.947958725886048,3.896219082260593
