LP,NumberOfParticipations,NumberOfWins,ExpectedWins,ActualWinRatio,ExpectedWinRatio,VolumeParticipated,VolumeWon,ExpectedWinVolume,ActualVolumeWinRatio,ExpectedVolumeWinRatio,AverageRFQPanelSize,WinPerformanceScore,VolumePerformanceScore
LP_1,2394,676,402.24047619047934,28.23725981620718,16.802024903528796,221561315467.20865,64242041678.820404,37225868125.65098,28.995152670651258,16.801609995477957,6.295321637426901,11.435234912678386,12.193542675173301
LP_2,2340,612,390.4404761904786,26.153846153846157,16.68549043549054,216364015984.0129,54785472363.28284,36256768550.470406,25.320972211631958,16.75730060083069,6.32991452991453,9.468355718355618,8.563671610801268
LP_3,2305,509,383.5333333333361,22.0824295010846,16.639190166305255,209850097161.57028,47153406309.494446,34643879547.43493,22.47004263866961,16.50886991048734,6.347505422993493,5.443239334779346,5.9611727281822695
LP_4,2297,401,382.9071428571449,17.457553330430997,16.669879967659767,212472192937.34515,37613916565.57266,35433118194.69045,17.702983174209738,16.676590806938744,6.339573356552024,0.7876733627712298,1.0263923672709936
LP_5,2284,337,378.76428571428795,14.754816112084063,16.583375031273555,207908563435.78568,28148652350.42843,34472948080.58111,13.53895764814054,16.58082164144642,6.361646234676007,-1.8285589191894918,-3.0418639933058795
LP_6,2231,236,369.81428571428756,10.578216046615866,16.576166997502803,205001426842.4248,22672640614.86068,34010646484.38501,11.059747712043047,16.590443787753458,6.375616315553564,-5.997950950886937,-5.530696075710411
LP_7,2237,185,368.442857142859,8.270004470272687,16.470400408710727,207229031449.8581,17235410130.082172,34193472152.337658,8.317082799401355,16.500329086666238,6.398748323647743,-8.20039593843804,-8.183246287264883
LP_8,2229,88,367.85714285714505,3.947958725886048,16.503236557072455,204224750681.54385,7957043706.753432,33571882583.744366,3.896219082260593,16.438694365745317,6.3943472409152085,-12.555277831186407,-12.542475283484723
